﻿{"cameraMode":{"drawMode":0,"name":"Shaded","section":"Shading Mode"},"sceneLighting":true,"audioPlay":false,"sceneViewState":{"m_AlwaysRefresh":false,"showFog":true,"showSkybox":true,"showFlares":true,"showImageEffects":true,"showParticleSystems":true,"showVisualEffectGraphs":true,"m_FxEnabled":false},"in2DMode":false,"pivot":{"x":-71.59494018554688,"y":18.974166870117189,"z":-37.61473083496094},"rotation":{"x":-0.08085891604423523,"y":0.03527649864554405,"z":-0.0029148273169994356,"w":-0.9960769414901733},"size":2.0660252571105959,"orthographic":false}